,ds,y,yhat
0,2019-05-01 00:00:00,337.0,1048.4737322836186
1,2019-05-01 01:00:00,139.0,1035.0466163099745
2,2019-05-01 02:00:00,172.0,1023.2695477038495
3,2019-05-01 03:00:00,151.0,1017.3885252677857
4,2019-05-01 04:00:00,111.0,1022.2275952431847
5,2019-05-01 05:00:00,133.0,1039.4463901245813
6,2019-05-01 06:00:00,298.0,1064.7367473693896
7,2019-05-01 07:00:00,341.0,1089.5077544503913
8,2019-05-01 08:00:00,572.0,1106.6824914050521
9,2019-05-01 09:00:00,735.0,1115.9046138453264
10,2019-05-01 10:00:00,809.0,1123.2473424070272
11,2019-05-01 11:00:00,917.0,1135.1615709433402
12,2019-05-01 12:00:00,1113.0,1151.7829339160292
13,2019-05-01 13:00:00,1172.0,1165.6776563124681
14,2019-05-01 14:00:00,1377.0,1167.4628357383547
15,2019-05-01 15:00:00,1297.0,1153.6075493128615
16,2019-05-01 16:00:00,1192.0,1129.729422228693
17,2019-05-01 17:00:00,1050.0,1106.6647578458935
18,2019-05-01 18:00:00,836.0,1092.8214308057068
19,2019-05-01 19:00:00,712.0,1089.1648497337055
20,2019-05-01 20:00:00,948.0,1090.3332590214454
21,2019-05-01 21:00:00,795.0,1089.8603016345996
22,2019-05-01 22:00:00,813.0,1084.5184524953604
23,2019-05-01 23:00:00,803.0,1074.73333654226
24,2019-05-02 00:00:00,833.0,1062.331640656675
25,2019-05-02 01:00:00,749.0,1049.039055016551
26,2019-05-02 02:00:00,565.0,1037.2586481298322
27,2019-05-02 03:00:00,707.0,1031.2368951352676
28,2019-05-02 04:00:00,702.0,1035.8006241606563
29,2019-05-02 05:00:00,892.0,1052.6144496015286
30,2019-05-02 06:00:00,992.0,1077.3772544747198
31,2019-05-02 07:00:00,1313.0,1101.5070705236092
32,2019-05-02 08:00:00,1151.0,1117.9376298054265
33,2019-05-02 09:00:00,899.0,1126.324733671385
34,2019-05-02 10:00:00,922.0,1132.7550083656895
35,2019-05-02 11:00:00,1172.0,1143.6937630067243
36,2019-05-02 12:00:00,1167.0,1159.291794112736
37,2019-05-02 13:00:00,1130.0,1172.1309638721027
38,2019-05-02 14:00:00,1101.0,1172.8442057450627
39,2019-05-02 15:00:00,1010.0,1157.9163540548168
40,2019-05-02 16:00:00,1153.0,1132.9804384369695
41,2019-05-02 17:00:00,1232.0,1108.8875469881739
42,2019-05-02 18:00:00,1435.0,1094.0594634520019
43,2019-05-02 19:00:00,1373.0,1089.4743887023712
44,2019-05-02 20:00:00,1565.0,1089.782019519496
45,2019-05-02 21:00:00,1675.0,1088.5259098324943
46,2019-05-02 22:00:00,1750.0,1082.4867269259576
47,2019-05-02 23:00:00,1604.0,1072.0964193060825
48,2019-05-03 00:00:00,1562.0,1059.1860076638952
49,2019-05-03 01:00:00,1457.0,1045.4834363220516
50,2019-05-03 02:00:00,1451.0,1033.3918908170326
51,2019-05-03 03:00:00,1248.0,1027.1558021738285
52,2019-05-03 04:00:00,1185.0,1031.5978031645075
53,2019-05-03 05:00:00,880.0,1048.376205440631
54,2019-05-03 06:00:00,915.0,1073.1815592688174
55,2019-05-03 07:00:00,908.0,1097.42164363821
56,2019-05-03 08:00:00,1270.0,1114.0181591401983
57,2019-05-03 09:00:00,1536.0,1122.6132677333812
58,2019-05-03 10:00:00,1437.0,1129.2785464076212
59,2019-05-03 11:00:00,1527.0,1140.4630679559898
60,2019-05-03 12:00:00,1658.0,1156.3004500669788
61,2019-05-03 13:00:00,1670.0,1169.3546966703166
62,2019-05-03 14:00:00,1522.0,1170.240481620247
63,2019-05-03 15:00:00,1738.0,1155.4242676115118
64,2019-05-03 16:00:00,1744.0,1130.5208972608211
65,2019-05-03 17:00:00,1662.0,1106.363756145848
66,2019-05-03 18:00:00,1517.0,1091.357708990784
67,2019-05-03 19:00:00,1417.0,1086.4651151103847
68,2019-05-03 20:00:00,1573.0,1086.3211919814007
69,2019-05-03 21:00:00,1308.0,1084.4566480820918
70,2019-05-03 22:00:00,1364.0,1077.6411935895796
71,2019-05-03 23:00:00,1408.0,1066.2979419474705
72,2019-05-04 00:00:00,1349.0,1052.251410257287
73,2019-05-04 01:00:00,1312.0,1037.2255527235034
74,2019-05-04 02:00:00,1292.0,1023.6222299474782
75,2019-05-04 03:00:00,1125.0,1015.687332169437
76,2019-05-04 04:00:00,1048.0,1018.2478196664715
77,2019-05-04 05:00:00,1151.0,1032.969247566136
78,2019-05-04 06:00:00,1316.0,1055.55233563268
79,2019-05-04 07:00:00,1547.0,1077.4179300830385
80,2019-05-04 08:00:00,1572.0,1091.5036296203782
81,2019-05-04 09:00:00,1536.0,1097.470220070857
82,2019-05-04 10:00:00,1489.0,1101.4104854212546
83,2019-05-04 11:00:00,1639.0,1109.7971097046047
84,2019-05-04 12:00:00,1661.0,1122.7895126865994
85,2019-05-04 13:00:00,1754.0,1132.9794454715814
86,2019-05-04 14:00:00,1859.0,1131.0109987235603
87,2019-05-04 15:00:00,1884.0,1113.3814194095012
88,2019-05-04 16:00:00,1854.0,1085.7373763887333
89,2019-05-04 17:00:00,1671.0,1058.944778327135
90,2019-05-04 18:00:00,1613.0,1041.441349124832
91,2019-05-04 19:00:00,1536.0,1034.2222711799693
92,2019-05-04 20:00:00,1640.0,1031.9551697515665
93,2019-05-04 21:00:00,1174.0,1028.2023640865186
94,2019-05-04 22:00:00,1021.0,1019.7639985111695
95,2019-05-04 23:00:00,711.0,1007.0920710856082
96,2019-05-05 00:00:00,283.0,992.0380723722044
97,2019-05-05 01:00:00,128.0,976.3506729937474
98,2019-05-05 02:00:00,-162.0,962.4538671214381
99,2019-05-05 03:00:00,-223.0,954.6127940731258
100,2019-05-05 04:00:00,-318.0,957.6705050995814
101,2019-05-05 05:00:00,-405.0,973.3052461511847
102,2019-05-05 06:00:00,-197.0,997.2268203742336
103,2019-05-05 07:00:00,-141.0,1020.8613801748868
104,2019-05-05 08:00:00,502.0,1037.1479234271912
105,2019-05-05 09:00:00,1168.0,1045.7446400776546
106,2019-05-05 10:00:00,1421.0,1052.7376783972206
107,2019-05-05 11:00:00,1426.0,1064.5890462075665
108,2019-05-05 12:00:00,1226.0,1081.4434904440577
109,2019-05-05 13:00:00,1152.0,1095.874181027816
110,2019-05-05 14:00:00,1110.0,1098.5028510863522
111,2019-05-05 15:00:00,1097.0,1085.8007882463467
112,2019-05-05 16:00:00,1115.0,1063.385315631318
113,2019-05-05 17:00:00,969.0,1042.0898638600331
114,2019-05-05 18:00:00,910.0,1030.3168365957013
115,2019-05-05 19:00:00,851.0,1029.0235768759226
116,2019-05-05 20:00:00,1019.0,1032.837704024449
117,2019-05-05 21:00:00,938.0,1035.2797429569
118,2019-05-05 22:00:00,877.0,1033.106654929531
119,2019-05-05 23:00:00,631.0,1026.7262829306085
120,2019-05-06 00:00:00,364.0,1017.9454196162912
121,2019-05-06 01:00:00,301.0,1008.4679316967222
122,2019-05-06 02:00:00,339.0,1000.6733430158274
123,2019-05-06 03:00:00,369.0,998.7830935870799
124,2019-05-06 04:00:00,452.0,1007.5977367466826
125,2019-05-06 05:00:00,749.0,1028.7546403788108
126,2019-05-06 06:00:00,1326.0,1057.9247512616378
127,2019-05-06 07:00:00,1411.0,1086.4977678585674
128,2019-05-06 08:00:00,1417.0,1107.3789918488094
129,2019-05-06 09:00:00,1483.0,1120.19600070021
130,2019-05-06 10:00:00,1520.0,1131.0077068542241
131,2019-05-06 11:00:00,1508.0,1146.2525156426427
132,2019-05-06 12:00:00,1609.0,1166.0554224373957
133,2019-05-06 13:00:00,1519.0,1182.9738726546916
134,2019-05-06 14:00:00,1409.0,1187.618034745065
135,2019-05-06 15:00:00,1409.0,1176.4518795325912
136,2019-05-06 16:00:00,1401.0,1155.0897036577192
137,2019-05-06 17:00:00,1222.0,1134.3661981006612
138,2019-05-06 18:00:00,953.0,1122.689264552575
139,2019-05-06 19:00:00,1003.0,1121.0258875797865
140,2019-05-06 20:00:00,1343.0,1124.0173336632831
141,2019-05-06 21:00:00,1401.0,1125.2016006855652
142,2019-05-06 22:00:00,1408.0,1121.3567291597312
143,2019-05-06 23:00:00,1117.0,1112.9149911095801
144,2019-05-07 00:00:00,827.0,1101.7106676198011
145,2019-05-07 01:00:00,799.0,1089.4778524834733
146,2019-05-07 02:00:00,667.0,1078.6286880259975
147,2019-05-07 03:00:00,686.0,1073.4192545132257
148,2019-05-07 04:00:00,758.0,1078.6863796833989
149,2019-05-07 05:00:00,799.0,1096.1049389313491
150,2019-05-07 06:00:00,1096.0,1121.3842098920172
151,2019-05-07 07:00:00,850.0,1145.9526315215505
152,2019-05-07 08:00:00,893.0,1162.754242769433
153,2019-05-07 09:00:00,958.0,1171.4549478943081
154,2019-05-07 10:00:00,1327.0,1178.1511786456963
155,2019-05-07 11:00:00,1537.0,1189.3176699348205
156,2019-05-07 12:00:00,1618.0,1205.1141937907569
157,2019-05-07 13:00:00,1420.0,1218.1310792468596
158,2019-05-07 14:00:00,1419.0,1219.0091720331325
159,2019-05-07 15:00:00,1326.0,1204.2406307932938
160,2019-05-07 16:00:00,1339.0,1179.4652005890212
161,2019-05-07 17:00:00,1410.0,1155.5400672199776
162,2019-05-07 18:00:00,1317.0,1140.8924972265074
163,2019-05-07 19:00:00,1243.0,1136.5055731829202
164,2019-05-07 20:00:00,1413.0,1137.033296472096
165,2019-05-07 21:00:00,1115.0,1136.0229817686993
166,2019-05-07 22:00:00,1349.0,1130.2585546382902
167,2019-05-07 23:00:00,1439.0,1120.1747677908727
168,2019-05-08 00:00:00,1380.0,1107.6050461188602
169,2019-05-08 01:00:00,1178.0,1094.2793965713076
170,2019-05-08 02:00:00,1115.0,1082.6027871211372
171,2019-05-08 03:00:00,1081.0,1076.8212139519426
172,2019-05-08 04:00:00,1146.0,1081.75872072161
173,2019-05-08 05:00:00,1377.0,1099.0749373715262
174,2019-05-08 06:00:00,1511.0,1124.461698840518
175,2019-05-08 07:00:00,1596.0,1149.3280901157991
176,2019-05-08 08:00:00,1437.0,1166.5971887830526
177,2019-05-08 09:00:00,1293.0,1175.9126480338969
178,2019-05-08 10:00:00,1381.0,1183.347686118406
179,2019-05-08 11:00:00,1518.0,1195.3531945376285
180,2019-05-08 12:00:00,1405.0,1212.0648054338424
181,2019-05-08 13:00:00,1436.0,1226.0487415081993
182,2019-05-08 14:00:00,1513.0,1227.9220981137676
183,2019-05-08 15:00:00,1401.0,1214.1539501511056
184,2019-05-08 16:00:00,1583.0,1190.3619206272053
185,2019-05-08 17:00:00,1567.0,1167.3823107487642
186,2019-05-08 18:00:00,1492.0,1153.6229930399743
187,2019-05-08 19:00:00,1285.0,1150.0493740405632
188,2019-05-08 20:00:00,1243.0,1151.2996960903806
189,2019-05-08 21:00:00,1294.0,1150.9076001369858
190,2019-05-08 22:00:00,1471.0,1145.6455591181682
191,2019-05-08 23:00:00,1466.0,1135.939196022004
192,2019-05-09 00:00:00,1318.0,1123.615195811918
193,2019-05-09 01:00:00,1219.0,1110.3992467831863
194,2019-05-09 02:00:00,1128.0,1098.694415593927
195,2019-05-09 03:00:00,1105.0,1092.7471755655529
196,2019-05-09 04:00:00,1167.0,1097.3843530442814
197,2019-05-09 05:00:00,1428.0,1114.2705606757374
198,2019-05-09 06:00:00,1531.0,1139.104679763206
199,2019-05-09 07:00:00,1523.0,1163.3047403677767
200,2019-05-09 08:00:00,1516.0,1179.8044728979382
201,2019-05-09 09:00:00,1442.0,1188.2596770913106
202,2019-05-09 10:00:00,1198.0,1194.7569776140895
203,2019-05-09 11:00:00,1374.0,1205.761682035254
204,2019-05-09 12:00:00,1505.0,1221.4245853603893
205,2019-05-09 13:00:00,1493.0,1234.3275482998595
206,2019-05-09 14:00:00,1491.0,1235.1035028683084
207,2019-05-09 15:00:00,1377.0,1220.2372819760474
208,2019-05-09 16:00:00,1259.0,1195.3619138813272
209,2019-05-09 17:00:00,1223.0,1171.3284853364576
210,2019-05-09 18:00:00,1282.0,1156.558778774288
211,2019-05-09 19:00:00,1408.0,1152.030993791371
212,2019-05-09 20:00:00,1443.0,1152.3948259244114
213,2019-05-09 21:00:00,1359.0,1151.1938278939929
214,2019-05-09 22:00:00,1659.0,1145.2086658069634
215,2019-05-09 23:00:00,1561.0,1134.8712870277025
216,2019-05-10 00:00:00,1367.0,1122.0127111384184
217,2019-05-10 01:00:00,1200.0,1108.360881386534
218,2019-05-10 02:00:00,1153.0,1096.3189822669808
219,2019-05-10 03:00:00,1149.0,1090.1314437954572
220,2019-05-10 04:00:00,1281.0,1094.6208977709264
221,2019-05-10 05:00:00,1535.0,1111.445654902483
222,2019-05-10 06:00:00,1552.0,1136.2962645493008
223,2019-05-10 07:00:00,1243.0,1160.5805048262935
224,2019-05-10 08:00:00,1294.0,1177.2200754847095
225,2019-05-10 09:00:00,1296.0,1185.8571376743741
226,2019-05-10 10:00:00,1240.0,1192.5632676113667
227,2019-05-10 11:00:00,1189.0,1203.7875373483696
228,2019-05-10 12:00:00,1300.0,1219.663563866376
229,2019-05-10 13:00:00,1362.0,1232.755350420456
230,2019-05-10 14:00:00,1200.0,1233.6775702245138
231,2019-05-10 15:00:00,1360.0,1218.8966853635068
232,2019-05-10 16:00:00,1318.0,1194.0275378821107
233,2019-05-10 17:00:00,1246.0,1169.9035128140627
234,2019-05-10 18:00:00,1036.0,1154.9294743770859
235,2019-05-10 19:00:00,1173.0,1150.0677814084552
236,2019-05-10 20:00:00,1455.0,1149.9536509434704
237,2019-05-10 21:00:00,1320.0,1148.1177910503732
238,2019-05-10 22:00:00,1261.0,1141.3299115303007
239,2019-05-10 23:00:00,1252.0,1130.0131254807307
240,2019-05-11 00:00:00,1237.0,1115.9919496948544
241,2019-05-11 01:00:00,1097.0,1100.9903380965973
242,2019-05-11 02:00:00,1035.0,1087.410151043331
243,2019-05-11 03:00:00,961.0,1079.4972785615437
244,2019-05-11 04:00:00,968.0,1082.0786807477743
245,2019-05-11 05:00:00,1047.0,1096.8199125810115
246,2019-05-11 06:00:00,1293.0,1119.4216937115564
247,2019-05-11 07:00:00,1310.0,1141.3048702724952
248,2019-05-11 08:00:00,1288.0,1155.4070409153042
249,2019-05-11 09:00:00,1340.0,1161.388991449219
250,2019-05-11 11:00:00,1296.0,1173.743268269958
251,2019-05-11 12:00:00,1388.0,1186.7476984788013
252,2019-05-11 13:00:00,1438.0,1196.9485477167807
253,2019-05-11 14:00:00,1307.0,1194.9899067899714
254,2019-05-11 15:00:00,1332.0,1177.3690228382052
255,2019-05-11 16:00:00,1276.0,1149.7325649274837
256,2019-05-11 17:00:00,1251.0,1122.9464419615417
257,2019-05-11 18:00:00,1166.0,1105.448378109644
258,2019-05-11 19:00:00,1116.0,1098.2335560709334
259,2019-05-11 20:00:00,1133.0,1095.9696014362348
260,2019-05-11 21:00:00,979.0,1092.2188338184053
261,2019-05-11 22:00:00,1008.0,1083.7813979374603
262,2019-05-11 23:00:00,982.0,1071.1092922814466
263,2019-05-12 00:00:00,1168.0,1056.054007869272
264,2019-05-12 01:00:00,1014.0,1040.3642158145929
265,2019-05-12 02:00:00,952.0,1026.4639108087626
266,2019-05-12 03:00:00,804.0,1018.6182327201054
267,2019-05-12 04:00:00,856.0,1021.6702333814579
268,2019-05-12 05:00:00,868.0,1037.2981593583127
269,2019-05-12 06:00:00,886.0,1061.2118144387055
270,2019-05-12 07:00:00,904.0,1084.8373517041025
271,2019-05-12 08:00:00,1364.0,1101.1137697338647
272,2019-05-12 09:00:00,1371.0,1109.6992592109077
273,2019-05-12 10:00:00,1336.0,1116.67996916989
274,2019-05-12 11:00:00,1433.0,1128.51790823205
275,2019-05-12 12:00:00,1492.0,1145.3578241574673
276,2019-05-12 13:00:00,1443.0,1159.7728877243687
277,2019-05-12 14:00:00,1443.0,1162.3848329471261
278,2019-05-12 15:00:00,1401.0,1149.6649483694293
279,2019-05-12 16:00:00,1430.0,1127.2305580615455
280,2019-05-12 17:00:00,1204.0,1105.9150936194828
281,2019-05-12 18:00:00,1205.0,1094.1209597105603
282,2019-05-12 19:00:00,1112.0,1092.805500409907
283,2019-05-12 20:00:00,1021.0,1096.5963361057013
284,2019-05-12 21:00:00,766.0,1099.0139928082172
285,2019-05-12 22:00:00,649.0,1096.8154328974729
286,2019-05-12 23:00:00,567.0,1090.4085005150462
287,2019-05-13 00:00:00,467.0,1081.599989499196
288,2019-05-13 01:00:00,375.0,1072.093767770629
289,2019-05-13 02:00:00,222.0,1064.269360412938
290,2019-05-13 03:00:00,56.0,1062.3482087094335
291,2019-05-13 04:00:00,83.0,1071.1308672929663
292,2019-05-13 05:00:00,344.0,1092.2547053735796
293,2019-05-13 06:00:00,792.0,1121.3906710830909
294,2019-05-13 07:00:00,746.0,1149.9284642689531
295,2019-05-13 08:00:00,1073.0,1170.7733880195692
296,2019-05-13 09:00:00,1099.0,1183.553021242835
297,2019-05-13 10:00:00,1073.0,1194.3262778468302
298,2019-05-13 11:00:00,979.0,1209.531564658057
299,2019-05-13 12:00:00,1274.0,1229.2938785707688
300,2019-05-13 13:00:00,1332.0,1246.1706665508577
301,2019-05-13 14:00:00,1308.0,1250.772098628207
302,2019-05-13 15:00:00,1457.0,1239.5621472316664
303,2019-05-13 16:00:00,1627.0,1218.155110631726
304,2019-05-13 17:00:00,1707.0,1197.3856814707192
305,2019-05-13 18:00:00,1553.0,1185.6617631257368
306,2019-05-13 19:00:00,1629.0,1183.9503418767226
307,2019-05-13 20:00:00,1576.0,1186.892685943904
308,2019-05-13 21:00:00,1334.0,1188.0267949785157
309,2019-05-13 22:00:00,1537.0,1184.130711287165
310,2019-05-13 23:00:00,1241.0,1175.6367087124308
311,2019-05-14 00:00:00,1081.0,1164.3790701863452
312,2019-05-14 01:00:00,860.0,1152.091891374565
313,2019-05-14 02:00:00,788.0,1141.1873165016373
314,2019-05-14 03:00:00,684.0,1135.92142775649
315,2019-05-14 04:00:00,712.0,1141.1310548289025
316,2019-05-14 05:00:00,1086.0,1158.491075090595
317,2019-05-14 06:00:00,1196.0,1183.710768176556
318,2019-05-14 07:00:00,1001.0,1208.2185750707158
319,2019-05-14 08:00:00,1230.0,1224.958536775012
320,2019-05-14 09:00:00,1459.0,1233.596559625865
321,2019-05-14 10:00:00,1332.0,1240.2290774757284
322,2019-05-14 11:00:00,1292.0,1251.3308273622208
323,2019-05-14 12:00:00,1318.0,1267.061583467644
324,2019-05-14 13:00:00,1241.0,1280.0116770018117
325,2019-05-14 14:00:00,1405.0,1280.821955896203
326,2019-05-14 15:00:00,1370.0,1265.9845810203642
327,2019-05-14 16:00:00,1566.0,1241.1392996861132
328,2019-05-14 17:00:00,1633.0,1217.1432999679955
329,2019-05-14 18:00:00,1684.0,1202.423850702538
330,2019-05-14 19:00:00,1403.0,1197.9640367871082
331,2019-05-14 20:00:00,1508.0,1198.4178619507031
332,2019-05-14 21:00:00,1402.0,1197.33264323518
333,2019-05-14 22:00:00,1434.0,1191.4923086001188
334,2019-05-14 23:00:00,1166.0,1181.3316131711517
335,2019-05-15 00:00:00,1168.0,1168.6839842797103
336,2019-05-15 01:00:00,892.0,1155.2794313353438
337,2019-05-15 02:00:00,561.0,1143.522924796367
338,2019-05-15 03:00:00,510.0,1137.6604633545398
339,2019-05-15 04:00:00,549.0,1142.516093196943
340,2019-05-15 05:00:00,924.0,1159.749446817252
341,2019-05-15 06:00:00,1179.0,1185.0523617283088
342,2019-05-15 07:00:00,1203.0,1209.8339255154433
343,2019-05-15 08:00:00,1291.0,1227.0172183813613
344,2019-05-15 09:00:00,1693.0,1236.2458961591406
345,2019-05-15 10:00:00,1654.0,1243.5931797607454
346,2019-05-15 11:00:00,1573.0,1255.5099633708267
347,2019-05-15 12:00:00,1623.0,1272.1318818365783
348,2019-05-15 13:00:00,1674.0,1286.0251605852513
349,2019-05-15 14:00:00,1687.0,1287.8068977170228
350,2019-05-15 15:00:00,1617.0,1273.9461709016198
351,2019-05-15 16:00:00,1525.0,1250.0606059342358
352,2019-05-15 17:00:00,1498.0,1226.98650683164
353,2019-05-15 18:00:00,1487.0,1213.131748948113
354,2019-05-15 19:00:00,1439.0,1209.4617416737353
355,2019-05-15 20:00:00,1466.0,1210.6147302181598
356,2019-05-15 21:00:00,1425.0,1210.1243584210497
357,2019-05-15 22:00:00,1464.0,1204.763102130365
358,2019-05-15 23:00:00,1324.0,1194.9565872639928
359,2019-05-16 00:00:00,1465.0,1182.531501735042
360,2019-05-16 01:00:00,1424.0,1169.213536808394
361,2019-05-16 02:00:00,1352.0,1157.4057621305942
362,2019-05-16 03:00:00,1359.0,1151.3546540303557
363,2019-05-16 04:00:00,1413.0,1155.8870418804452
364,2019-05-16 05:00:00,1647.0,1172.6675413721355
365,2019-05-16 06:00:00,1541.0,1197.395036873199
366,2019-05-16 07:00:00,1466.0,1221.4875615256312
367,2019-05-16 08:00:00,1599.0,1237.8788488395408
368,2019-05-16 09:00:00,1571.0,1246.2247016715255
369,2019-05-16 10:00:00,1626.0,1252.611747825051
370,2019-05-16 11:00:00,1663.0,1263.5052980226835
371,2019-05-16 12:00:00,1627.0,1279.0561504438988
372,2019-05-16 13:00:00,1520.0,1291.8461689880578
373,2019-05-16 14:00:00,1427.0,1292.5082888774612
374,2019-05-16 15:00:00,1491.0,1277.5273462471198
375,2019-05-16 16:00:00,1651.0,1252.5363725980087
376,2019-05-16 17:00:00,1705.0,1228.3864579390759
377,2019-05-16 18:00:00,1709.0,1213.4993879793496
378,2019-05-16 19:00:00,1685.0,1208.8533656075044
379,2019-05-16 20:00:00,1737.0,1209.098089668869
380,2019-05-16 21:00:00,1476.0,1207.7771162081508
381,2019-05-16 22:00:00,1542.0,1201.6711146729785
382,2019-05-16 23:00:00,1490.0,1191.2120357848048
383,2019-05-17 00:00:00,1435.0,1178.2309024981034
384,2019-05-17 01:00:00,1569.0,1164.4556614479852
385,2019-05-17 02:00:00,1503.0,1152.2895005327096
386,2019-05-17 03:00:00,1468.0,1145.9768531880654
387,2019-05-17 04:00:00,1446.0,1150.3403546462798
388,2019-05-17 05:00:00,1513.0,1167.0383190654036
389,2019-05-17 06:00:00,1386.0,1191.761299268318
390,2019-05-17 07:00:00,1466.0,1215.9170768487613
391,2019-05-17 08:00:00,1274.0,1232.4273550502494
392,2019-05-17 09:00:00,1255.0,1240.9342985307974
393,2019-05-17 10:00:00,1338.0,1247.5094870276957
394,2019-05-17 11:00:00,1189.0,1258.6019961290683
395,2019-05-17 12:00:00,1070.0,1274.34544636508
396,2019-05-17 13:00:00,1007.0,1287.3038445538305
397,2019-05-17 14:00:00,931.0,1288.0918674854904
398,2019-05-17 15:00:00,1140.0,1273.175980836107
399,2019-05-17 16:00:00,1372.0,1248.1710302520137
400,2019-05-17 17:00:00,1411.0,1223.910404384099
401,2019-05-17 18:00:00,1500.0,1208.7989710789145
402,2019-05-17 19:00:00,1415.0,1203.7990928155248
403,2019-05-17 20:00:00,1561.0,1203.545990282621
404,2019-05-17 21:00:00,1507.0,1201.570375217403
405,2019-05-17 22:00:00,1541.0,1194.6419610971868
406,2019-05-17 23:00:00,1437.0,1183.1838647125298
407,2019-05-18 00:00:00,1166.0,1169.0206065583695
408,2019-05-18 01:00:00,949.0,1153.876144274151
409,2019-05-18 02:00:00,911.0,1140.1523419424964
410,2019-05-18 03:00:00,858.0,1132.095093327927
411,2019-05-18 04:00:00,832.0,1134.5313622759127
412,2019-05-18 05:00:00,860.0,1149.1267075263288
413,2019-05-18 06:00:00,920.0,1171.5818524988397
414,2019-05-18 07:00:00,1168.0,1193.3176471088464
415,2019-05-18 08:00:00,1315.0,1207.2716938002295
416,2019-05-18 09:00:00,1344.0,1213.1047821850216
417,2019-05-18 10:00:00,1393.0,1216.9097000764682
418,2019-05-18 11:00:00,1522.0,1225.1591353763872
419,2019-05-18 12:00:00,1423.0,1238.0125117615887
420,2019-05-18 13:00:00,1295.0,1248.0615842898676
421,2019-05-18 14:00:00,1284.0,1245.9504476202378
422,2019-05-18 15:00:00,1171.0,1228.1763527544363
423,2019-05-18 16:00:00,1317.0,1200.3859726300066
424,2019-05-18 17:00:00,1331.0,1173.4452200318547
425,2019-05-18 18:00:00,1301.0,1155.7918230170371
426,2019-05-18 19:00:00,1232.0,1148.4209681838095
427,2019-05-18 20:00:00,1401.0,1146.0002850308201
428,2019-05-18 21:00:00,1519.0,1142.0920970853233
429,2019-05-18 22:00:00,1413.0,1133.4965529914678
430,2019-05-18 23:00:00,1108.0,1120.6656551695276
431,2019-05-19 00:00:00,947.0,1105.4508985790403
432,2019-05-19 01:00:00,646.0,1089.600958280279
433,2019-05-19 02:00:00,593.0,1075.5398329207446
434,2019-05-19 03:00:00,577.0,1067.532666332079
435,2019-05-19 04:00:00,545.0,1070.422514318254
436,2019-05-19 05:00:00,526.0,1085.8876274220438
437,2019-05-19 06:00:00,531.0,1109.6378134152567
438,2019-05-19 07:00:00,795.0,1133.099229374906
439,2019-05-19 08:00:00,934.0,1149.2108778761353
440,2019-05-19 09:00:00,1140.0,1157.6309536062358
441,2019-05-19 10:00:00,1225.0,1164.4456096137062
442,2019-05-19 11:00:00,1380.0,1176.116858536967
443,2019-05-19 12:00:00,1229.0,1192.7894521601347
444,2019-05-19 13:00:00,1241.0,1207.036565291454
445,2019-05-19 14:00:00,1172.0,1209.4799359809965
446,2019-05-19 15:00:00,1165.0,1196.5908568151692
447,2019-05-19 16:00:00,1267.0,1173.9866559104844
448,2019-05-19 17:00:00,1160.0,1152.500768914679
449,2019-05-19 18:00:00,1227.0,1140.535604554366
450,2019-05-19 19:00:00,1398.0,1139.0485109666893
451,2019-05-19 20:00:00,1506.0,1142.6671126074436
452,2019-05-19 21:00:00,1469.0,1144.9119395583552
453,2019-05-19 22:00:00,1415.0,1142.5399582783552
454,2019-05-19 23:00:00,1201.0,1135.9590169892303
455,2019-05-20 00:00:00,868.0,1126.9759136149269
456,2019-05-20 01:00:00,677.0,1117.2945201663101
457,2019-05-20 02:00:00,572.0,1109.2943658209313
458,2019-05-20 03:00:00,412.0,1107.1968959594444
459,2019-05-20 04:00:00,550.0,1115.8026693152253
460,2019-05-20 05:00:00,951.0,1136.7490592048393
461,2019-05-20 06:00:00,1208.0,1165.707017868182
462,2019-05-20 07:00:00,1332.0,1194.0662492628082
463,2019-05-20 08:00:00,1314.0,1214.7320605923856
464,2019-05-20 09:00:00,1373.0,1227.3320348827028
465,2019-05-20 10:00:00,1485.0,1237.9250901620253
466,2019-05-20 11:00:00,1523.0,1252.9496373787279
467,2019-05-20 12:00:00,1312.0,1272.5306775548593
468,2019-05-20 13:00:00,1097.0,1289.2256617827816
469,2019-05-20 14:00:00,988.0,1293.6447642214748
470,2019-05-20 15:00:00,1067.0,1282.2519614325975
471,2019-05-20 16:00:00,1273.0,1260.6615558207538
472,2019-05-20 17:00:00,1292.0,1239.7082441647349
473,2019-05-20 18:00:00,1139.0,1227.7999339772236
474,2019-05-20 19:00:00,1206.0,1225.9036156778102
475,2019-05-20 20:00:00,1250.0,1228.6605616276943
476,2019-05-20 21:00:00,1401.0,1229.6087756185343
477,2019-05-20 22:00:00,1566.0,1225.5263041000926
478,2019-05-20 23:00:00,1424.0,1216.845425056843
479,2019-05-21 00:00:00,1189.0,1205.400425566383
480,2019-05-21 01:00:00,1128.0,1192.9254054395085
481,2019-05-21 02:00:00,997.0,1181.8325130437247
482,2019-05-21 03:00:00,899.0,1176.377834715793
483,2019-05-21 04:00:00,992.0,1181.3982042904195
484,2019-05-21 05:00:00,1109.0,1198.5685032851516
485,2019-05-21 06:00:00,1455.0,1223.598015480726
486,2019-05-21 07:00:00,1371.0,1247.9151860067582
487,2019-05-21 08:00:00,1239.0,1264.4640600113714
488,2019-05-21 09:00:00,1166.0,1272.9105479742689
489,2019-05-21 10:00:00,1330.0,1279.3510878922168
490,2019-05-21 11:00:00,1376.0,1290.260420947713
491,2019-05-21 12:00:00,1613.0,1305.798325464729
492,2019-05-21 13:00:00,1648.0,1318.555136794656
493,2019-05-21 14:00:00,1604.0,1319.1717070091843
494,2019-05-21 15:00:00,1558.0,1304.1402011181385
495,2019-05-21 16:00:00,1388.0,1279.1003705702924
496,2019-05-21 17:00:00,1455.0,1254.9094075755843
497,2019-05-21 18:00:00,1549.0,1239.9945851069087
498,2019-05-21 19:00:00,1603.0,1235.3389921936398
499,2019-05-21 20:00:00,1627.0,1235.5966366955413
500,2019-05-21 21:00:00,1522.0,1234.3148397825926
501,2019-05-21 22:00:00,1493.0,1228.2775335428069
502,2019-05-21 23:00:00,1496.0,1217.9194772250362
503,2019-05-22 00:00:00,1321.0,1205.0741022825696
504,2019-05-22 01:00:00,1317.0,1191.4714222446892
505,2019-05-22 02:00:00,1252.0,1179.5164116864446
506,2019-05-22 03:00:00,1155.0,1173.4550734137408
507,2019-05-22 04:00:00,1140.0,1178.1114577235553
508,2019-05-22 05:00:00,1187.0,1195.1452012177976
509,2019-05-22 06:00:00,1342.0,1220.2481455158613
510,2019-05-22 07:00:00,1466.0,1244.8293823009935
511,2019-05-22 08:00:00,1332.0,1261.8119958789239
512,2019-05-22 09:00:00,1191.0,1270.839646173326
513,2019-05-22 10:00:00,1141.0,1277.985558188455
514,2019-05-22 11:00:00,1152.0,1289.7006301956583
515,2019-05-22 12:00:00,1315.0,1306.1205011256093
516,2019-05-22 13:00:00,1276.0,1319.811400485206
517,2019-05-22 14:00:00,1328.0,1321.3904304500375
518,2019-05-22 15:00:00,1339.0,1307.3266727595035
519,2019-05-22 16:00:00,1379.0,1283.2377572761793
520,2019-05-22 17:00:00,1531.0,1259.9599920790588
521,2019-05-22 18:00:00,1483.0,1245.9012565801108
522,2019-05-22 19:00:00,1278.0,1242.0269642212543
523,2019-05-22 20:00:00,1168.0,1242.975364261842
524,2019-05-22 21:00:00,1135.0,1242.2801045833762
525,2019-05-22 22:00:00,1222.0,1236.7136650723735
526,2019-05-22 23:00:00,1189.0,1226.701675679862
527,2019-05-23 00:00:00,1035.0,1214.0708283468616
528,2019-05-23 01:00:00,894.0,1200.5468183614578
529,2019-05-23 02:00:00,655.0,1188.5327193855583
530,2019-05-23 03:00:00,582.0,1182.2750117604403
531,2019-05-23 04:00:00,552.0,1186.6005288648805
532,2019-05-23 05:00:00,702.0,1203.1738903898868
533,2019-05-23 06:00:00,968.0,1227.693984697389
534,2019-05-23 07:00:00,1209.0,1251.5788489177137
535,2019-05-23 08:00:00,1273.0,1267.7622205428736
536,2019-05-23 09:00:00,1334.0,1275.8999064076447
537,2019-05-23 10:00:00,1296.0,1282.0785382817526
538,2019-05-23 11:00:00,1347.0,1292.7634308537167
539,2019-05-23 12:00:00,1545.0,1308.1053862588
540,2019-05-23 13:00:00,1346.0,1320.6862723478735
541,2019-05-23 14:00:00,1265.0,1321.1390282855527
542,2019-05-23 15:00:00,1419.0,1305.948494145306
543,2019-05-23 16:00:00,1456.0,1280.7477053574091
544,2019-05-23 17:00:00,1227.0,1256.3877558531733
545,2019-05-23 18:00:00,1055.0,1241.2904352595706
546,2019-05-23 19:00:00,769.0,1236.4339503735043
547,2019-05-23 20:00:00,880.0,1236.4680039421141
548,2019-05-23 21:00:00,842.0,1234.9361559044066
549,2019-05-23 22:00:00,904.0,1228.6190795950022
550,2019-05-23 23:00:00,1105.0,1217.9487296157172
551,2019-05-24 00:00:00,1165.0,1204.7561327924689
552,2019-05-24 01:00:00,1117.0,1190.7692396250343
553,2019-05-24 02:00:00,1220.0,1178.391241868332
554,2019-05-24 03:00:00,1171.0,1171.866576806897
555,2019-05-24 04:00:00,1327.0,1176.0178835137124
556,2019-05-24 05:00:00,1539.0,1192.5034799789696
557,2019-05-24 06:00:00,1717.0,1217.0139228520668
558,2019-05-24 07:00:00,1671.0,1240.9569975422182
559,2019-05-24 08:00:00,1386.0,1257.2544111012473
560,2019-05-24 09:00:00,1576.0,1265.5483319875511
561,2019-05-24 10:00:00,1457.0,1271.9103437300494
562,2019-05-24 11:00:00,1312.0,1282.7895256996317
563,2019-05-24 12:00:00,1516.0,1298.3195022011623
564,2019-05-24 13:00:00,1636.0,1311.0642838190329
565,2019-05-24 14:00:00,1651.0,1311.6385511009298
566,2019-05-24 15:00:00,1652.0,1296.5087734700178
567,2019-05-24 16:00:00,1615.0,1271.289800312984
568,2019-05-24 17:00:00,1566.0,1246.8150240121597
569,2019-05-24 18:00:00,1532.0,1231.4893161335651
570,2019-05-24 19:00:00,1388.0,1226.2750428699248
571,2019-05-24 20:00:00,1452.0,1225.8074286141584
572,2019-05-24 21:00:00,1464.0,1223.6171887961816
573,2019-05-24 22:00:00,1430.0,1216.4740405785456
574,2019-05-24 23:00:00,1345.0,1204.8011044274756
575,2019-05-25 00:00:00,1146.0,1190.4229045037177
576,2019-05-25 01:00:00,891.0,1175.0634021034655
577,2019-05-25 02:00:00,674.0,1161.1244649563223
578,2019-05-25 03:00:00,454.0,1152.851990463808
579,2019-05-25 04:00:00,559.0,1155.07294609944
580,2019-05-25 05:00:00,511.0,1169.452894220608
581,2019-05-25 06:00:00,672.0,1191.69256185513
582,2019-05-25 07:00:00,751.0,1213.212802516631
583,2019-05-25 08:00:00,925.0,1226.9512222380656
584,2019-05-25 09:00:00,942.0,1232.5686142084226
585,2019-05-25 10:00:00,841.0,1236.1577698094966
586,2019-05-25 11:00:00,837.0,1244.1913805018057
587,2019-05-25 12:00:00,908.0,1256.828873509862
588,2019-05-25 13:00:00,993.0,1266.662007428974
589,2019-05-25 14:00:00,898.0,1264.3348804455404
590,2019-05-25 15:00:00,1038.0,1246.3447470791066
591,2019-05-25 16:00:00,1128.0,1218.3382837735865
592,2019-05-25 17:00:00,961.0,1191.181406809117
593,2019-05-25 18:00:00,995.0,1173.311847730429
594,2019-05-25 19:00:00,1052.0,1165.7247966102398
595,2019-05-25 20:00:00,1242.0,1163.0878864119338
596,2019-05-25 21:00:00,1173.0,1158.9634441165483
597,2019-05-25 22:00:00,1009.0,1150.1516218117886
598,2019-05-25 23:00:00,834.0,1137.1044253509206
599,2019-05-26 00:00:00,757.0,1121.673353114619
600,2019-05-26 01:00:00,658.0,1105.6070835752914
601,2019-05-26 02:00:00,664.0,1091.3296187802957
602,2019-05-26 03:00:00,580.0,1083.1061059505523
603,2019-05-26 04:00:00,476.0,1085.7796042683508
604,2019-05-26 05:00:00,560.0,1101.0283676425543
605,2019-05-26 06:00:00,608.0,1124.5622072048889
606,2019-05-26 07:00:00,917.0,1147.807283374895
607,2019-05-26 08:00:00,1133.0,1163.7026020616977
608,2019-05-26 09:00:00,1408.0,1171.9063612760642
609,2019-05-26 10:00:00,1599.0,1178.5047173807022
610,2019-05-26 11:00:00,1563.0,1189.9596863121083
611,2019-05-26 12:00:00,1566.0,1206.416023143848
612,2019-05-26 13:00:00,1551.0,1220.4469059636347
613,2019-05-26 14:00:00,1445.0,1222.6740760884709
614,2019-05-26 15:00:00,1467.0,1209.5688293589224
615,2019-05-26 16:00:00,1525.0,1186.748497136475
616,2019-05-26 17:00:00,1590.0,1165.0465183016731
617,2019-05-26 18:00:00,1472.0,1152.865304802371
618,2019-05-26 19:00:00,1495.0,1151.1622079851272
619,2019-05-26 20:00:00,1466.0,1154.5648555041512
620,2019-05-26 21:00:00,1430.0,1156.5937806293814
621,2019-05-26 22:00:00,1405.0,1154.0059529930536
622,2019-05-26 23:00:00,1254.0,1147.2092239816093
623,2019-05-27 00:00:00,1371.0,1138.01039467093
624,2019-05-27 01:00:00,1270.0,1128.1133402125615
625,2019-05-27 02:00:00,1235.0,1119.897592913153
626,2019-05-27 03:00:00,1136.0,1117.5846012695006
627,2019-05-27 04:00:00,1150.0,1125.974927122214
628,2019-05-27 05:00:00,1133.0,1146.7059468800167
629,2019-05-27 06:00:00,1420.0,1175.448615865585
630,2019-05-27 07:00:00,1304.0,1203.592641106754
631,2019-05-27 08:00:00,1242.0,1224.0433328667123
632,2019-05-27 09:00:00,1352.0,1236.428277216539
633,2019-05-27 10:00:00,1447.0,1246.8063952200002
634,2019-05-27 11:00:00,1383.0,1261.6161008491815
635,2019-05-27 12:00:00,1305.0,1280.982398137541
636,2019-05-27 13:00:00,1343.0,1297.4627411767094
637,2019-05-27 14:00:00,1366.0,1301.6673071138914
638,2019-05-27 15:00:00,1420.0,1290.0600754854065
639,2019-05-27 16:00:00,1359.0,1268.255351662012
640,2019-05-27 17:00:00,1244.0,1247.0878353721255
641,2019-05-27 18:00:00,1426.0,1234.9654370711257
642,2019-05-27 19:00:00,1369.0,1232.8551501056495
643,2019-05-27 20:00:00,1383.0,1235.398249753912
644,2019-05-27 21:00:00,1249.0,1236.1327427116894
645,2019-05-27 22:00:00,1252.0,1231.8366783215606
646,2019-05-27 23:00:00,1054.0,1222.9423374492396
647,2019-05-28 00:00:00,878.0,1211.2840100408932
648,2019-05-28 01:00:00,737.0,1198.5957987631305
649,2019-05-28 02:00:00,514.0,1187.2898548304884
650,2019-05-28 03:00:00,498.0,1181.6222674117912
651,2019-05-28 04:00:00,440.0,1186.4298731629344
652,2019-05-28 05:00:00,616.0,1203.3875564099633
653,2019-05-28 06:00:00,767.0,1228.2046037325872
654,2019-05-28 07:00:00,1113.0,1252.3094630449662
655,2019-05-28 08:00:00,1327.0,1268.646182267678
656,2019-05-28 09:00:00,1332.0,1276.8806746433827
657,2019-05-28 10:00:00,1409.0,1283.109380918098
658,2019-05-28 11:00:00,1488.0,1293.8070450119878
659,2019-05-28 12:00:00,1166.0,1309.133447974079
660,2019-05-28 13:00:00,1318.0,1321.6789278708582
661,2019-05-28 14:00:00,1263.0,1322.084339476024
662,2019-05-28 15:00:00,1379.0,1306.8418504884198
663,2019-05-28 16:00:00,1405.0,1281.5912150357867
664,2019-05-28 17:00:00,1523.0,1257.1896279945838
665,2019-05-28 18:00:00,1599.0,1242.0643649921496
666,2019-05-28 19:00:00,1558.0,1237.1985177004722
667,2019-05-28 20:00:00,1458.0,1237.2460966094654
668,2019-05-28 21:00:00,1440.0,1235.7544255100968
669,2019-05-28 22:00:00,1251.0,1229.5074390955915
670,2019-05-28 23:00:00,1018.0,1218.9398992115066
671,2019-05-29 00:00:00,937.0,1205.8852398934
672,2019-05-29 01:00:00,898.0,1192.073477243942
673,2019-05-29 02:00:00,900.0,1179.9095883981254
674,2019-05-29 03:00:00,864.0,1173.639578709111
675,2019-05-29 04:00:00,840.0,1178.0875010114812
676,2019-05-29 05:00:00,940.0,1194.9129944330189
677,2019-05-29 06:00:00,1122.0,1219.8079031033712
678,2019-05-29 07:00:00,1449.0,1244.1813212118338
679,2019-05-29 08:00:00,1587.0,1260.9563355505834
680,2019-05-29 09:00:00,1484.0,1269.7766085236733
681,2019-05-29 10:00:00,1570.0,1276.7153675999155
682,2019-05-29 11:00:00,1665.0,1288.2235135088758
683,2019-05-29 12:00:00,1659.0,1304.4366876228978
684,2019-05-29 13:00:00,1578.0,1317.921121881337
685,2019-05-29 14:00:00,1663.0,1319.2939208805863
686,2019-05-29 15:00:00,1582.0,1305.0241687690225
687,2019-05-29 16:00:00,1752.0,1280.7294978077825
688,2019-05-29 17:00:00,1731.0,1257.2462184609171
689,2019-05-29 18:00:00,1347.0,1242.982212515257
690,2019-05-29 19:00:00,1261.0,1238.902895777342
691,2019-05-29 20:00:00,1216.0,1239.6465198579472
692,2019-05-29 21:00:00,1257.0,1238.746734979295
693,2019-05-29 22:00:00,1395.0,1232.976023357469
694,2019-05-29 23:00:00,1423.0,1222.760017262121
695,2019-05-30 00:00:00,1447.0,1209.9254109411656
696,2019-05-30 01:00:00,1256.0,1196.1979019773921
697,2019-05-30 02:00:00,1237.0,1183.9805663191562
698,2019-05-30 03:00:00,1191.0,1177.5198865804598
699,2019-05-30 04:00:00,1366.0,1181.6426984024295
700,2019-05-30 05:00:00,1588.0,1198.0136237266875
701,2019-05-30 06:00:00,1532.0,1222.3315531571407
702,2019-05-30 07:00:00,1532.0,1246.0145260525592
703,2019-05-30 08:00:00,1506.0,1261.9962821223305
704,2019-05-30 09:00:00,1535.0,1269.932630409978
705,2019-05-30 10:00:00,1632.0,1275.9102048813454
706,2019-05-30 11:00:00,1669.0,1286.3943224099683
707,2019-05-30 12:00:00,1630.0,1301.5357873075673
708,2019-05-30 13:00:00,1499.0,1313.9164695866912
709,2019-05-30 14:00:00,1574.0,1314.1693105674667
710,2019-05-30 15:00:00,1496.0,1298.779152465168
711,2019-05-30 16:00:00,1665.0,1273.3790328399818
712,2019-05-30 17:00:00,1564.0,1248.820047747305
713,2019-05-30 18:00:00,1707.0,1233.5239889238205
714,2019-05-30 19:00:00,1565.0,1228.4690652667368
715,2019-05-30 20:00:00,1415.0,1228.3049816113326
716,2019-05-30 21:00:00,1430.0,1226.5752999777633
717,2019-05-30 22:00:00,1493.0,1220.0606957691148
718,2019-05-30 23:00:00,1541.0,1209.1931256443943
719,2019-05-31 00:00:00,1618.0,1195.8036184782195
720,2019-05-31 01:00:00,1513.0,1181.620126808167
721,2019-05-31 02:00:00,1343.0,1169.0458444169194
722,2019-05-31 03:00:00,1132.0,1162.3252106050331
723,2019-05-31 04:00:00,998.0,1166.2808664535617
724,2019-05-31 05:00:00,1201.0,1182.5711319505322
725,2019-05-31 06:00:00,1482.0,1206.8865657304434
726,2019-05-31 07:00:00,1617.0,1230.6349551801748
727,2019-05-31 08:00:00,1595.0,1246.738009318612
728,2019-05-31 09:00:00,1492.0,1254.8378985617537
729,2019-05-31 10:00:00,1392.0,1261.006208384042
730,2019-05-31 11:00:00,1332.0,1271.6920200947757
731,2019-05-31 12:00:00,1270.0,1287.0289599262255
732,2019-05-31 13:00:00,1290.0,1299.581040380247
733,2019-05-31 14:00:00,1383.0,1299.9629439126102
734,2019-05-31 15:00:00,1431.0,1284.641141845009
735,2019-05-31 16:00:00,1324.0,1259.2304854530535
736,2019-05-31 17:00:00,1266.0,1234.5643689990372
737,2019-05-31 18:00:00,1280.0,1219.0476659170208
738,2019-05-31 19:00:00,1255.0,1213.6427442618337
739,2019-05-31 20:00:00,1216.0,1212.9848302773605
740,2019-05-31 21:00:00,1044.0,1210.6046412331734
741,2019-05-31 22:00:00,932.0,1203.2718961260925
742,2019-05-31 23:00:00,895.0,1191.409717245106
