,ds,y,yhat
0,2019-05-01 00:00:00,289.0,398.82121040163304
1,2019-05-01 01:00:00,221.0,385.142200158182
2,2019-05-01 02:00:00,201.0,370.8595621628091
3,2019-05-01 03:00:00,232.0,362.07934754357814
4,2019-05-01 04:00:00,248.0,363.59159087483255
5,2019-05-01 05:00:00,288.0,375.32916588133855
6,2019-05-01 06:00:00,201.0,392.6959342795093
7,2019-05-01 07:00:00,210.0,410.1548459426969
8,2019-05-01 08:00:00,244.0,424.5670764003713
9,2019-05-01 09:00:00,269.0,435.45043365045467
10,2019-05-01 10:00:00,343.0,442.71324427340204
11,2019-05-01 11:00:00,368.0,444.9678538926877
12,2019-05-01 12:00:00,412.0,440.642128370837
13,2019-05-01 13:00:00,368.0,430.78086032037896
14,2019-05-01 14:00:00,366.0,420.20499685582047
15,2019-05-01 15:00:00,301.0,415.0232125950944
16,2019-05-01 16:00:00,318.0,418.16462606760024
17,2019-05-01 17:00:00,298.0,426.91581301681344
18,2019-05-01 18:00:00,256.0,434.918660054097
19,2019-05-01 19:00:00,297.0,437.03344809810204
20,2019-05-01 20:00:00,277.0,432.79481863044685
21,2019-05-01 21:00:00,310.0,425.53659443783215
22,2019-05-01 22:00:00,408.0,418.37624468622454
23,2019-05-01 23:00:00,450.0,411.15482751097767
24,2019-05-02 00:00:00,432.0,401.3209433359958
25,2019-05-02 01:00:00,443.0,387.7504045748108
26,2019-05-02 02:00:00,393.0,373.54281168953923
27,2019-05-02 03:00:00,380.0,364.805493350657
28,2019-05-02 04:00:00,370.0,366.33035190740446
29,2019-05-02 05:00:00,441.0,378.0526450267076
30,2019-05-02 06:00:00,399.0,395.37905296679696
31,2019-05-02 07:00:00,492.0,412.7756910704681
32,2019-05-02 08:00:00,598.0,427.10715489731786
33,2019-05-02 09:00:00,624.0,437.8948315148392
34,2019-05-02 10:00:00,635.0,445.05068847155627
35,2019-05-02 11:00:00,689.0,447.1906770634718
36,2019-05-02 12:00:00,674.0,442.74613784672994
37,2019-05-02 13:00:00,682.0,432.76511452061834
38,2019-05-02 14:00:00,677.0,422.07149358963323
39,2019-05-02 15:00:00,683.0,416.77649524401664
40,2019-05-02 16:00:00,622.0,419.8113149516636
41,2019-05-02 17:00:00,553.0,428.46407048207135
42,2019-05-02 18:00:00,540.0,436.3775989286704
43,2019-05-02 19:00:00,528.0,438.4124941374224
44,2019-05-02 20:00:00,487.0,434.10303838864036
45,2019-05-02 21:00:00,481.0,426.7820006613018
46,2019-05-02 22:00:00,587.0,419.565091806448
47,2019-05-02 23:00:00,594.0,412.29091011824494
48,2019-05-03 00:00:00,545.0,402.4049106294533
49,2019-05-03 01:00:00,425.0,388.77910371501054
50,2019-05-03 02:00:00,424.0,374.5086727237819
51,2019-05-03 03:00:00,405.0,365.695967929197
52,2019-05-03 04:00:00,392.0,367.12741740229785
53,2019-05-03 05:00:00,436.0,378.7323848429124
54,2019-05-03 06:00:00,480.0,395.9113229086104
55,2019-05-03 07:00:00,549.0,413.12388048009603
56,2019-05-03 08:00:00,596.0,427.22805007551426
57,2019-05-03 09:00:00,571.0,437.7385875348645
58,2019-05-03 10:00:00,602.0,444.56091404212737
59,2019-05-03 11:00:00,662.0,446.30463554180085
60,2019-05-03 12:00:00,698.0,441.3950658844611
61,2019-05-03 13:00:00,665.0,430.87465815951913
62,2019-05-03 14:00:00,646.0,419.5622599494528
63,2019-05-03 15:00:00,608.0,413.56471626365953
64,2019-05-03 16:00:00,610.0,415.80961797867985
65,2019-05-03 17:00:00,598.0,423.58234891489036
66,2019-05-03 18:00:00,570.0,430.5239745510605
67,2019-05-03 19:00:00,534.0,431.4943613480285
68,2019-05-03 20:00:00,484.0,426.02817917313536
69,2019-05-03 21:00:00,455.0,417.45975793977357
70,2019-05-03 22:00:00,544.0,408.9075877154906
71,2019-05-03 23:00:00,556.0,400.21429486991224
72,2019-05-04 00:00:00,487.0,388.8306268512579
73,2019-05-04 01:00:00,459.0,373.6351506187301
74,2019-05-04 02:00:00,348.0,357.73085408520507
75,2019-05-04 03:00:00,277.0,347.22910769801996
76,2019-05-04 04:00:00,219.0,346.92652680727093
77,2019-05-04 05:00:00,245.0,356.7637650993006
78,2019-05-04 06:00:00,261.0,372.1535880865787
79,2019-05-04 07:00:00,315.0,387.5688857500062
80,2019-05-04 08:00:00,378.0,399.88171138761135
81,2019-05-04 09:00:00,402.0,408.62157982720606
82,2019-05-04 10:00:00,331.0,413.7092362782827
83,2019-05-04 11:00:00,303.0,413.7700322486038
84,2019-05-04 12:00:00,323.0,407.24529637670264
85,2019-05-04 13:00:00,320.0,395.1936062816095
86,2019-05-04 14:00:00,212.0,382.4498789184247
87,2019-05-04 15:00:00,210.0,375.1368050358677
88,2019-05-04 16:00:00,145.0,376.1974274858366
89,2019-05-04 17:00:00,161.0,382.9320184445473
90,2019-05-04 18:00:00,215.0,388.9958005452325
91,2019-05-04 19:00:00,210.0,389.26190284838475
92,2019-05-04 20:00:00,223.0,383.277206091613
93,2019-05-04 21:00:00,311.0,374.38705022408703
94,2019-05-04 22:00:00,403.0,365.7195952981813
95,2019-05-04 23:00:00,420.0,357.12567001050456
96,2019-05-05 00:00:00,400.0,346.0626420872659
97,2019-05-05 01:00:00,363.0,331.4140169944227
98,2019-05-05 02:00:00,309.0,316.2859556561981
99,2019-05-05 03:00:00,302.0,306.7911694289045
100,2019-05-05 04:00:00,295.0,307.7257339206031
101,2019-05-05 05:00:00,301.0,319.027852702519
102,2019-05-05 06:00:00,280.0,336.10592041167723
103,2019-05-05 07:00:00,258.0,353.4265446807502
104,2019-05-05 08:00:00,305.0,367.8536140282928
105,2019-05-05 09:00:00,339.0,378.90664473045007
106,2019-05-05 10:00:00,350.0,386.49461761390864
107,2019-05-05 11:00:00,385.0,389.2294405914661
108,2019-05-05 12:00:00,393.0,385.537424011131
109,2019-05-05 13:00:00,346.0,376.4606739102355
110,2019-05-05 14:00:00,298.0,366.8163194661985
111,2019-05-05 15:00:00,220.0,362.7080988555981
112,2019-05-05 16:00:00,172.0,367.05910171706273
113,2019-05-05 17:00:00,150.0,377.1488215814995
114,2019-05-05 18:00:00,225.0,386.61106143391373
115,2019-05-05 19:00:00,252.0,390.29708138726414
116,2019-05-05 20:00:00,355.0,387.7316408864704
117,2019-05-05 21:00:00,411.0,382.2379063517044
118,2019-05-05 22:00:00,524.0,376.92201319664645
119,2019-05-05 23:00:00,541.0,371.6131143704795
120,2019-05-06 00:00:00,497.0,363.74744747649055
121,2019-05-06 01:00:00,497.0,352.1881248515806
122,2019-05-06 02:00:00,463.0,340.02183523195436
123,2019-05-06 03:00:00,437.0,333.34291330502793
124,2019-05-06 04:00:00,472.0,336.93031688084216
125,2019-05-06 05:00:00,494.0,350.7065409895937
126,2019-05-06 06:00:00,453.0,370.0658168455732
127,2019-05-06 07:00:00,587.0,389.4622536719228
128,2019-05-06 08:00:00,495.0,405.74900930864726
129,2019-05-06 09:00:00,536.0,418.4367215881095
130,2019-05-06 10:00:00,546.0,427.4274105614651
131,2019-05-06 11:00:00,479.0,431.32798681849954
132,2019-05-06 12:00:00,484.0,428.56175256055116
133,2019-05-06 13:00:00,478.0,420.16980036289664
134,2019-05-06 14:00:00,436.0,410.97022598197117
135,2019-05-06 15:00:00,387.0,407.069679717393
136,2019-05-06 16:00:00,370.0,411.39605502888077
137,2019-05-06 17:00:00,349.0,421.23546851745317
138,2019-05-06 18:00:00,393.0,430.23007535783796
139,2019-05-06 19:00:00,371.0,433.24111031005873
140,2019-05-06 20:00:00,343.0,429.80480802797433
141,2019-05-06 21:00:00,389.0,423.25717505673714
142,2019-05-06 22:00:00,484.0,416.7184040770088
143,2019-05-06 23:00:00,513.0,410.0327642916289
144,2019-05-07 00:00:00,491.0,400.6525018608435
145,2019-05-07 01:00:00,487.0,387.4574567058831
146,2019-05-07 02:00:00,394.0,373.55158629878315
147,2019-05-07 03:00:00,367.0,365.04685476728014
148,2019-05-07 04:00:00,392.0,366.74002908858074
149,2019-05-07 05:00:00,384.0,378.5714137002685
150,2019-05-07 06:00:00,327.0,395.9528734566519
151,2019-05-07 07:00:00,353.0,413.35580485483
152,2019-05-07 08:00:00,445.0,427.6501432867939
153,2019-05-07 09:00:00,481.0,438.3626400420221
154,2019-05-07 10:00:00,533.0,445.41062075876135
155,2019-05-07 11:00:00,496.0,447.4153620253479
156,2019-05-07 12:00:00,501.0,442.81347410313606
157,2019-05-07 13:00:00,479.0,432.6581958386879
158,2019-05-07 14:00:00,408.0,421.7785190652627
159,2019-05-07 15:00:00,346.0,416.2906677466843
160,2019-05-07 16:00:00,275.0,419.13073111935694
161,2019-05-07 17:00:00,349.0,427.59160526037005
162,2019-05-07 18:00:00,320.0,435.3207873071381
163,2019-05-07 19:00:00,334.0,437.1834123570212
164,2019-05-07 20:00:00,289.0,432.7181864776574
165,2019-05-07 21:00:00,351.0,425.2621877214356
166,2019-05-07 22:00:00,479.0,417.93532500615976
167,2019-05-07 23:00:00,419.0,410.58028788993425
168,2019-05-08 00:00:00,405.0,400.6465200972325
169,2019-05-08 01:00:00,333.0,387.00992191424945
170,2019-05-08 02:00:00,312.0,372.76947073042385
171,2019-05-08 03:00:00,174.0,364.0312166073894
172,2019-05-08 04:00:00,127.0,365.5851930579898
173,2019-05-08 05:00:00,211.0,377.3642727515444
174,2019-05-08 06:00:00,293.0,394.772316353847
175,2019-05-08 07:00:00,328.0,412.27227269321304
176,2019-05-08 08:00:00,416.0,426.7253162592586
177,2019-05-08 09:00:00,488.0,437.6492540162532
178,2019-05-08 10:00:00,487.0,444.95241151564176
179,2019-05-08 11:00:00,533.0,447.2471333574186
180,2019-05-08 12:00:00,580.0,442.96128438651994
181,2019-05-08 13:00:00,530.0,433.13965620313337
182,2019-05-08 14:00:00,422.0,422.6031949149398
183,2019-05-08 15:00:00,328.0,417.46057413843846
184,2019-05-08 16:00:00,309.0,420.6409114075815
185,2019-05-08 17:00:00,405.0,429.4307814756578
186,2019-05-08 18:00:00,426.0,437.47206996902395
187,2019-05-08 19:00:00,479.0,439.6250568275533
188,2019-05-08 20:00:00,512.0,435.42438255945024
189,2019-05-08 21:00:00,553.0,428.2038689836313
190,2019-05-08 22:00:00,610.0,421.0809843038579
191,2019-05-08 23:00:00,583.0,413.8967856987638
192,2019-05-09 00:00:00,526.0,404.0998726418643
193,2019-05-09 01:00:00,457.0,390.56605660103673
194,2019-05-09 02:00:00,391.0,376.39493709974283
195,2019-05-09 03:00:00,368.0,367.6938418727585
196,2019-05-09 04:00:00,303.0,369.25467234321104
197,2019-05-09 05:00:00,341.0,381.01268525516616
198,2019-05-09 06:00:00,331.0,398.37455994987226
199,2019-05-09 07:00:00,358.0,415.80641085960866
200,2019-05-09 08:00:00,371.0,430.1728326391756
201,2019-05-09 09:00:00,489.0,440.9952114559725
202,2019-05-09 10:00:00,555.0,448.18551396671677
203,2019-05-09 11:00:00,566.0,450.3596905784104
204,2019-05-09 12:00:00,560.0,445.94908096619673
205,2019-05-09 13:00:00,494.0,436.00172795354695
206,2019-05-09 14:00:00,389.0,425.34151717357184
207,2019-05-09 15:00:00,315.0,420.079667954122
208,2019-05-09 16:00:00,290.0,423.1473749041874
209,2019-05-09 17:00:00,287.0,431.83275494094437
210,2019-05-09 18:00:00,305.0,439.7786443114582
211,2019-05-09 19:00:00,284.0,441.84563602145727
212,2019-05-09 20:00:00,302.0,437.5680115164336
213,2019-05-09 21:00:00,305.0,430.2785389468777
214,2019-05-09 22:00:00,418.0,423.09292834167087
215,2019-05-09 23:00:00,531.0,415.8497771782082
216,2019-05-10 00:00:00,487.0,405.9945396787272
217,2019-05-10 01:00:00,391.0,392.3992254137031
218,2019-05-10 02:00:00,357.0,378.1590169336368
219,2019-05-10 03:00:00,301.0,369.376263719593
220,2019-05-10 04:00:00,343.0,370.83739305598
221,2019-05-10 05:00:00,474.0,382.4717678627827
222,2019-05-10 06:00:00,470.0,399.67984002325414
223,2019-05-10 07:00:00,495.0,416.92125765005994
224,2019-05-10 08:00:00,627.0,431.05401249920675
225,2019-05-10 09:00:00,647.0,441.5928596554577
226,2019-05-10 10:00:00,627.0,448.4432195529232
227,2019-05-10 11:00:00,590.0,450.21469739239717
228,2019-05-10 12:00:00,552.0,445.33260628749804
229,2019-05-10 13:00:00,517.0,434.83939859646637
230,2019-05-10 14:00:00,456.0,423.5539211775279
231,2019-05-10 15:00:00,417.0,417.5830183195954
232,2019-05-10 16:00:00,439.0,419.85428018831874
233,2019-05-10 17:00:00,431.0,427.6530898979335
234,2019-05-10 18:00:00,388.0,434.62051222638723
235,2019-05-10 19:00:00,361.0,435.61641294184966
236,2019-05-10 20:00:00,320.0,430.17546122353747
237,2019-05-10 21:00:00,336.0,421.63198630407123
238,2019-05-10 22:00:00,355.0,413.1044775767158
239,2019-05-10 23:00:00,388.0,404.43556074083244
240,2019-05-11 00:00:00,318.0,393.07598258458063
241,2019-05-11 01:00:00,265.0,377.90430941087055
242,2019-05-11 02:00:00,163.0,362.0235284827971
243,2019-05-11 03:00:00,108.0,351.5450096049159
244,2019-05-11 04:00:00,129.0,351.2653674906983
245,2019-05-11 05:00:00,161.0,361.125255196428
246,2019-05-11 06:00:00,169.0,376.53743761025964
247,2019-05-11 07:00:00,169.0,391.97480409600996
248,2019-05-11 08:00:00,195.0,404.30940734093207
249,2019-05-11 09:00:00,247.0,413.07076156812695
250,2019-05-11 11:00:00,255.0,418.2613077201561
251,2019-05-11 12:00:00,267.0,411.75717861493035
252,2019-05-11 13:00:00,244.0,399.72580111346025
253,2019-05-11 14:00:00,186.0,387.0020915990911
254,2019-05-11 15:00:00,156.0,379.70874025510074
255,2019-05-11 16:00:00,154.0,380.78878937429806
256,2019-05-11 17:00:00,194.0,387.54251058052193
257,2019-05-11 18:00:00,244.0,393.62512596105296
258,2019-05-11 19:00:00,271.0,393.909764037193
259,2019-05-11 20:00:00,301.0,387.94330501407853
260,2019-05-11 21:00:00,387.0,379.0710883142636
261,2019-05-11 22:00:00,440.0,370.42127347126495
262,2019-05-11 23:00:00,474.0,361.844688669195
263,2019-05-12 00:00:00,444.0,350.7987011262125
264,2019-05-12 01:00:00,437.0,336.166815810571
265,2019-05-12 02:00:00,394.0,321.05519315310215
266,2019-05-12 03:00:00,343.0,311.5765440240633
267,2019-05-12 04:00:00,319.0,312.52694355141915
268,2019-05-12 05:00:00,328.0,323.84459483388036
269,2019-05-12 06:00:00,282.0,340.9378920425667
270,2019-05-12 07:00:00,277.0,358.27344235059024
271,2019-05-12 08:00:00,355.0,372.7151338238359
272,2019-05-12 09:00:00,375.0,383.78248229244707
273,2019-05-12 10:00:00,359.0,391.38446814398776
274,2019-05-12 11:00:00,418.0,394.13299885948936
275,2019-05-12 12:00:00,379.0,390.4543843605859
276,2019-05-12 13:00:00,399.0,381.3907302661235
277,2019-05-12 14:00:00,416.0,371.7591653414954
278,2019-05-12 15:00:00,351.0,367.66342735815726
279,2019-05-12 16:00:00,319.0,372.02660555630393
280,2019-05-12 17:00:00,283.0,382.1281930752589
281,2019-05-12 18:00:00,307.0,391.6019925156248
282,2019-05-12 19:00:00,335.0,395.29926361231503
283,2019-05-12 20:00:00,377.0,392.74476543943456
284,2019-05-12 21:00:00,396.0,387.26166405321646
285,2019-05-12 22:00:00,432.0,381.9560945101361
286,2019-05-12 23:00:00,432.0,376.65720940893516
287,2019-05-13 00:00:00,300.0,368.8012460099526
288,2019-05-13 01:00:00,289.0,357.251316313652
289,2019-05-13 02:00:00,252.0,345.0941087267095
290,2019-05-13 03:00:00,199.0,338.4239576140316
291,2019-05-13 04:00:00,204.0,342.01982047025297
292,2019-05-13 05:00:00,207.0,355.8041920170773
293,2019-05-13 06:00:00,231.0,375.17130316699087
294,2019-05-13 07:00:00,252.0,394.57526284868806
295,2019-05-13 08:00:00,366.0,410.8692286149688
296,2019-05-13 09:00:00,449.0,423.5638380172062
297,2019-05-13 10:00:00,405.0,432.56111083324134
298,2019-05-13 11:00:00,342.0,436.46795738645136
299,2019-05-13 12:00:00,271.0,433.7076796187143
300,2019-05-13 13:00:00,232.0,425.3213698532666
301,2019-05-13 14:00:00,200.0,416.1271236008573
302,2019-05-13 15:00:00,192.0,412.231590923471
303,2019-05-13 16:00:00,216.0,416.5626650491901
304,2019-05-13 17:00:00,241.0,426.40646235528266
305,2019-05-13 18:00:00,246.0,435.40513779962384
306,2019-05-13 19:00:00,220.0,438.4199259324361
307,2019-05-13 20:00:00,218.0,434.9870612055413
308,2019-05-13 21:00:00,205.0,428.44254996785537
309,2019-05-13 22:00:00,311.0,421.90658471214243
310,2019-05-13 23:00:00,332.0,415.2234344601592
311,2019-05-14 00:00:00,275.0,405.8453451982085
312,2019-05-14 01:00:00,149.0,392.65215668074245
313,2019-05-14 02:00:00,119.0,378.7478262204414
314,2019-05-14 03:00:00,105.0,370.24431779255667
315,2019-05-14 04:00:00,119.0,371.9383982291112
316,2019-05-14 05:00:00,180.0,383.7703718297219
317,2019-05-14 06:00:00,143.0,401.15210331842945
318,2019-05-14 07:00:00,265.0,418.5549890687398
319,2019-05-14 08:00:00,335.0,432.8489643564974
320,2019-05-14 09:00:00,400.0,443.5607803623807
321,2019-05-14 10:00:00,392.0,450.60776262313715
322,2019-05-14 11:00:00,374.0,452.61118763260424
323,2019-05-14 12:00:00,341.0,448.0076655654141
324,2019-05-14 13:00:00,287.0,437.8504351884038
325,2019-05-14 14:00:00,281.0,426.96848826247606
326,2019-05-14 15:00:00,233.0,421.4780486864127
327,2019-05-14 16:00:00,241.0,424.3152056389065
328,2019-05-14 17:00:00,303.0,432.7728551465902
329,2019-05-14 18:00:00,347.0,440.4984943042517
330,2019-05-14 19:00:00,322.0,442.35725817325664
331,2019-05-14 20:00:00,268.0,437.8878527935351
332,2019-05-14 21:00:00,256.0,430.4273561958556
333,2019-05-14 22:00:00,364.0,423.0956772852666
334,2019-05-14 23:00:00,365.0,415.7355056134102
335,2019-05-15 00:00:00,351.0,405.7962849072433
336,2019-05-15 01:00:00,286.0,392.1539154592357
337,2019-05-15 02:00:00,244.0,377.90737467750364
338,2019-05-15 03:00:00,209.0,369.1627126463867
339,2019-05-15 04:00:00,179.0,370.709962909462
340,2019-05-15 05:00:00,226.0,382.48199817612135
341,2019-05-15 06:00:00,285.0,399.88267915653347
342,2019-05-15 07:00:00,357.0,417.3749547331513
343,2019-05-15 08:00:00,446.0,431.81999945690677
344,2019-05-15 09:00:00,466.0,442.73562036003415
345,2019-05-15 10:00:00,425.0,450.030143070192
346,2019-05-15 11:00:00,413.0,452.315912270902
347,2019-05-15 12:00:00,409.0,448.02079289815305
348,2019-05-15 13:00:00,367.0,438.1895766507191
349,2019-05-15 14:00:00,322.0,427.64320974229014
350,2019-05-15 15:00:00,285.0,422.49036590316894
351,2019-05-15 16:00:00,272.0,425.6601627882548
352,2019-05-15 17:00:00,279.0,434.43917527963595
353,2019-05-15 18:00:00,316.0,442.4692891400086
354,2019-05-15 19:00:00,332.0,444.6107844531434
355,2019-05-15 20:00:00,310.0,440.3983018789499
356,2019-05-15 21:00:00,298.0,433.16566339498047
357,2019-05-15 22:00:00,399.0,426.03033737186036
358,2019-05-15 23:00:00,428.0,418.83338116270687
359,2019-05-16 00:00:00,348.0,409.02339442264713
360,2019-05-16 01:00:00,280.0,395.47618880914376
361,2019-05-16 02:00:00,199.0,381.29136404283986
362,2019-05-16 03:00:00,176.0,372.5762480634998
363,2019-05-16 04:00:00,174.0,374.12274250631333
364,2019-05-16 05:00:00,246.0,385.8661043343816
365,2019-05-16 06:00:00,315.0,403.2130131200106
366,2019-05-16 07:00:00,359.0,420.62958352777986
367,2019-05-16 08:00:00,427.0,434.9804104565102
368,2019-05-16 09:00:00,444.0,445.7868803243923
369,2019-05-16 10:00:00,392.0,452.9609600466439
370,2019-05-16 11:00:00,353.0,455.118600296403
371,2019-05-16 12:00:00,356.0,450.69114102231083
372,2019-05-16 13:00:00,335.0,440.72662532990364
373,2019-05-16 14:00:00,311.0,430.04893914138114
374,2019-05-16 15:00:00,298.0,424.7693020815461
375,2019-05-16 16:00:00,287.0,427.8189090638158
376,2019-05-16 17:00:00,328.0,436.48587731846743
377,2019-05-16 18:00:00,358.0,444.41304341229477
378,2019-05-16 19:00:00,361.0,446.4610006788269
379,2019-05-16 20:00:00,368.0,442.16403089957544
380,2019-05-16 21:00:00,382.0,434.85490256837164
381,2019-05-16 22:00:00,458.0,427.64932606528976
382,2019-05-16 23:00:00,481.0,420.3858992265186
383,2019-05-17 00:00:00,383.0,410.5100766413252
384,2019-05-17 01:00:00,310.0,396.89386825468534
385,2019-05-17 02:00:00,170.0,382.6324569993408
386,2019-05-17 03:00:00,173.0,373.82819274639974
387,2019-05-17 04:00:00,291.0,375.2675031782772
388,2019-05-17 05:00:00,363.0,386.879751620658
389,2019-05-17 06:00:00,386.0,404.0653903702651
390,2019-05-17 07:00:00,410.0,421.28406796089456
391,2019-05-17 08:00:00,494.0,435.39377657825816
392,2019-05-17 09:00:00,573.0,445.9092717435284
393,2019-05-17 10:00:00,615.0,452.7359743358097
394,2019-05-17 11:00:00,646.0,454.48349000855563
395,2019-05-17 12:00:00,669.0,449.57713233583917
396,2019-05-17 13:00:00,680.0,439.0593541442516
397,2019-05-17 14:00:00,648.0,427.74900276811496
398,2019-05-17 15:00:00,588.0,421.7529229802826
399,2019-05-17 16:00:00,554.0,423.99870543860106
400,2019-05-17 17:00:00,488.0,431.7717337564583
401,2019-05-17 18:00:00,468.0,438.7130732195813
402,2019-05-17 19:00:00,429.0,439.6825901116898
403,2019-05-17 20:00:00,442.0,434.2149541354602
404,2019-05-17 21:00:00,501.0,425.6444950547099
405,2019-05-17 22:00:00,592.0,417.0897028006444
406,2019-05-17 23:00:00,603.0,408.3932036210964
407,2019-05-18 00:00:00,427.0,397.0057448582658
408,2019-05-18 01:00:00,370.0,381.8058933788463
409,2019-05-18 02:00:00,305.0,365.89663701370836
410,2019-05-18 03:00:00,261.0,355.38934614883124
411,2019-05-18 04:00:00,213.0,355.08063608287557
412,2019-05-18 05:00:00,246.0,364.911160466231
413,2019-05-18 06:00:00,255.0,380.29368478974874
414,2019-05-18 07:00:00,279.0,395.7010990270464
415,2019-05-18 08:00:00,367.0,408.00545648335407
416,2019-05-18 09:00:00,433.0,416.73627200763616
417,2019-05-18 10:00:00,438.0,421.81429084524456
418,2019-05-18 11:00:00,471.0,421.8648645543209
419,2019-05-18 12:00:00,499.0,415.32932183764575
420,2019-05-18 13:00:00,464.0,403.26624039332444
421,2019-05-18 14:00:00,356.0,390.5105372700298
422,2019-05-18 15:00:00,425.0,383.18490332425944
423,2019-05-18 16:00:00,493.0,384.2323815301184
424,2019-05-18 17:00:00,548.0,390.95324420052583
425,2019-05-18 18:00:00,523.0,397.00271412024495
426,2019-05-18 19:00:00,487.0,397.2539205153835
427,2019-05-18 20:00:00,462.0,391.25374430379253
428,2019-05-18 21:00:00,520.0,382.3475256294133
429,2019-05-18 22:00:00,578.0,373.6634247543577
430,2019-05-18 23:00:00,607.0,365.0522705995093
431,2019-05-19 00:00:00,565.0,353.97143112735995
432,2019-05-19 01:00:00,500.0,339.30441205923427
433,2019-05-19 02:00:00,410.0,324.15737458691535
434,2019-05-19 03:00:00,333.0,314.6430303469834
435,2019-05-19 04:00:00,331.0,315.55745524592953
436,2019-05-19 05:00:00,323.0,326.838853165996
437,2019-05-19 06:00:00,273.0,343.89561906953304
438,2019-05-19 07:00:00,337.0,361.1943609326271
439,2019-05-19 08:00:00,380.0,375.59896762611857
440,2019-05-19 09:00:00,444.0,386.62895579763875
441,2019-05-19 10:00:00,460.0,394.19330665806166
442,2019-05-19 11:00:00,487.0,396.9039285203956
443,2019-05-19 12:00:00,568.0,393.18713214603815
444,2019-05-19 13:00:00,503.0,384.08502400145744
445,2019-05-19 14:00:00,420.0,374.4147337075086
446,2019-05-19 15:00:00,365.0,370.2799998990591
447,2019-05-19 16:00:00,316.0,374.60391268778153
448,2019-05-19 17:00:00,329.0,384.66596609234773
449,2019-05-19 18:00:00,397.0,394.09996360008444
450,2019-05-19 19:00:00,408.0,397.7571658411985
451,2019-05-19 20:00:00,443.0,395.1623327928264
452,2019-05-19 21:00:00,442.0,389.6386314220273
453,2019-05-19 22:00:00,460.0,384.2921977037768
454,2019-05-19 23:00:00,514.0,378.9521851637575
455,2019-05-20 00:00:00,481.0,371.05483199662746
456,2019-05-20 01:00:00,374.0,359.4632511452606
457,2019-05-20 02:00:00,228.0,347.2641319667101
458,2019-05-20 03:00:00,217.0,340.5518097838875
459,2019-05-20 04:00:00,244.0,344.10524305763255
460,2019-05-20 05:00:00,288.0,357.84692748316934
461,2019-05-20 06:00:00,203.0,377.1710949549161
462,2019-05-20 07:00:00,296.0,396.53185539118704
463,2019-05-20 08:00:00,288.0,412.78236734206706
464,2019-05-20 09:00:00,384.0,425.43326936437154
465,2019-05-20 10:00:00,588.0,434.3865822490072
466,2019-05-20 11:00:00,594.0,438.2492173403273
467,2019-05-20 12:00:00,572.0,435.4444776092371
468,2019-05-20 13:00:00,555.0,427.01345641492895
469,2019-05-20 14:00:00,536.0,417.7742503132147
470,2019-05-20 15:00:00,519.0,413.8335104180943
471,2019-05-20 16:00:00,501.0,418.119131017663
472,2019-05-20 17:00:00,503.0,427.9172295569698
473,2019-05-20 18:00:00,517.0,436.86996206977994
474,2019-05-20 19:00:00,515.0,439.8385641895504
475,2019-05-20 20:00:00,483.0,436.35927145900854
476,2019-05-20 21:00:00,472.0,429.7680913266719
477,2019-05-20 22:00:00,466.0,423.1852173921368
478,2019-05-20 23:00:00,428.0,416.45491979055333
479,2019-05-21 00:00:00,390.0,407.0294456314778
480,2019-05-21 01:00:00,362.0,393.78863579897
481,2019-05-21 02:00:00,351.0,379.8364487436174
482,2019-05-21 03:00:00,356.0,371.2848495860091
483,2019-05-21 04:00:00,364.0,372.9306063113772
484,2019-05-21 05:00:00,396.0,384.7140243801791
485,2019-05-21 06:00:00,420.0,402.04696968499644
486,2019-05-21 07:00:00,478.0,419.40083977558686
487,2019-05-21 08:00:00,512.0,433.64557111156853
488,2019-05-21 09:00:00,541.0,444.3079160656224
489,2019-05-21 10:00:00,556.0,451.30520137351084
490,2019-05-21 11:00:00,562.0,453.25870473597746
491,2019-05-21 12:00:00,542.0,448.6050375422732
492,2019-05-21 13:00:00,536.0,438.39743978145776
493,2019-05-21 14:00:00,530.0,427.4649044442062
494,2019-05-21 15:00:00,516.0,421.9236566666616
495,2019-05-21 16:00:00,522.0,424.7097868726811
496,2019-05-21 17:00:00,526.0,433.1161923415857
497,2019-05-21 18:00:00,524.0,440.790371427953
498,2019-05-21 19:00:00,519.0,442.5974604611218
499,2019-05-21 20:00:00,496.0,438.07616675634466
500,2019-05-21 21:00:00,474.0,430.563569627324
501,2019-05-21 22:00:00,487.0,423.1795792691725
502,2019-05-21 23:00:00,450.0,415.76688653179065
503,2019-05-22 00:00:00,411.0,405.7749364472458
504,2019-05-22 01:00:00,396.0,392.0796306209573
505,2019-05-22 02:00:00,394.0,377.77994778142687
506,2019-05-22 03:00:00,400.0,368.98193934095804
507,2019-05-22 04:00:00,420.0,370.4756401780255
508,2019-05-22 05:00:00,453.0,382.1939243451669
509,2019-05-22 06:00:00,474.0,399.54065390235155
510,2019-05-22 07:00:00,525.0,416.9787790889179
511,2019-05-22 08:00:00,547.0,431.36947582296307
512,2019-05-22 09:00:00,551.0,442.23055250678283
513,2019-05-22 10:00:00,549.0,449.47033614848505
514,2019-05-22 11:00:00,553.0,451.70117281876804
515,2019-05-22 12:00:00,532.0,447.35092884773024
516,2019-05-22 13:00:00,533.0,437.4643973358567
517,2019-05-22 14:00:00,537.0,426.8625259059451
518,2019-05-22 15:00:00,540.0,421.65398970461126
519,2019-05-22 16:00:00,543.0,424.76790781017985
520,2019-05-22 17:00:00,556.0,433.4908565355126
521,2019-05-22 18:00:00,571.0,441.4647230813787
522,2019-05-22 19:00:00,573.0,443.5497889768704
523,2019-05-22 20:00:00,552.0,439.28069633405204
524,2019-05-22 21:00:00,534.0,431.99126859054354
525,2019-05-22 22:00:00,528.0,424.7989755836126
526,2019-05-22 23:00:00,491.0,417.5448761403023
527,2019-05-23 00:00:00,455.0,407.67757139681623
528,2019-05-23 01:00:00,432.0,394.0728744987562
529,2019-05-23 02:00:00,427.0,379.83038666238514
530,2019-05-23 03:00:00,437.0,371.0574373294546
531,2019-05-23 04:00:00,443.0,372.5459296448759
532,2019-05-23 05:00:00,463.0,384.2311220882035
533,2019-05-23 06:00:00,477.0,401.51969575508605
534,2019-05-23 07:00:00,516.0,418.8777668406496
535,2019-05-23 08:00:00,556.0,433.1699317804499
536,2019-05-23 09:00:00,560.0,443.9175785392475
537,2019-05-23 10:00:00,566.0,451.03267558160826
538,2019-05-23 11:00:00,568.0,453.1311751395215
539,2019-05-23 12:00:00,577.0,448.64441872720454
540,2019-05-23 13:00:00,570.0,438.62045102143304
541,2019-05-23 14:00:00,559.0,427.88315952408493
542,2019-05-23 15:00:00,551.0,422.5437654453928
543,2019-05-23 16:00:00,554.0,425.53346529145136
544,2019-05-23 17:00:00,564.0,434.1403778919516
545,2019-05-23 18:00:00,573.0,442.0073414194339
546,2019-05-23 19:00:00,577.0,443.994950820478
547,2019-05-23 20:00:00,554.0,439.6374894962179
548,2019-05-23 21:00:00,541.0,432.26772756672915
549,2019-05-23 22:00:00,525.0,425.0013770449528
550,2019-05-23 23:00:00,481.0,417.67703740679184
551,2019-05-24 00:00:00,439.0,407.74016488753733
552,2019-05-24 01:00:00,417.0,394.06277108503605
553,2019-05-24 02:00:00,415.0,379.7400405914574
554,2019-05-24 03:00:00,417.0,370.8743249438397
555,2019-05-24 04:00:00,434.0,372.2520534970769
556,2019-05-24 05:00:00,465.0,383.80259125584195
557,2019-05-24 06:00:00,484.0,400.9263922020054
558,2019-05-24 07:00:00,534.0,418.0831065616483
559,2019-05-24 08:00:00,568.0,432.13072821850255
560,2019-05-24 09:00:00,576.0,442.5840143984964
561,2019-05-24 10:00:00,585.0,449.3483876918231
562,2019-05-24 11:00:00,590.0,451.03345546951897
563,2019-05-24 12:00:00,579.0,446.0645330291139
564,2019-05-24 13:00:00,566.0,435.4840749272623
565,2019-05-24 14:00:00,570.0,424.1109302346455
566,2019-05-24 15:00:00,562.0,418.0519454667212
567,2019-05-24 16:00:00,563.0,420.23471302990583
568,2019-05-24 17:00:00,574.0,427.94461829209405
569,2019-05-24 18:00:00,582.0,434.8227283011827
570,2019-05-24 19:00:00,566.0,435.7289111069962
571,2019-05-24 20:00:00,549.0,430.19783818554953
572,2019-05-24 21:00:00,532.0,421.5638410803428
573,2019-05-24 22:00:00,509.0,412.9454115077558
574,2019-05-24 23:00:00,447.0,404.18517750698555
575,2019-05-25 00:00:00,415.0,392.7338882173477
576,2019-05-25 01:00:00,399.0,377.4701123088579
577,2019-05-25 02:00:00,396.0,361.49683942151665
578,2019-05-25 03:00:00,401.0,350.9254417563773
579,2019-05-25 04:00:00,411.0,350.5525364325608
580,2019-05-25 05:00:00,409.0,360.31877892840106
581,2019-05-25 06:00:00,387.0,375.63693656583825
582,2019-05-25 07:00:00,400.0,390.97990115712184
583,2019-05-25 08:00:00,439.0,403.2197278512115
584,2019-05-25 09:00:00,456.0,411.8859333471169
585,2019-05-25 10:00:00,463.0,416.8992647452324
586,2019-05-25 11:00:00,466.0,416.8850754643927
587,2019-05-25 12:00:00,458.0,410.28469607396437
588,2019-05-25 13:00:00,449.0,398.15670614408003
589,2019-05-25 14:00:00,426.0,385.3360246008479
590,2019-05-25 15:00:00,433.0,377.94534418376986
591,2019-05-25 16:00:00,420.0,378.92770975548297
592,2019-05-25 17:00:00,433.0,385.58339552280137
593,2019-05-25 18:00:00,452.0,391.5676261693856
594,2019-05-25 19:00:00,459.0,391.7535328261119
595,2019-05-25 20:00:00,452.0,385.68799832077406
596,2019-05-25 21:00:00,452.0,376.71636471234444
597,2019-05-25 22:00:00,470.0,367.96679418333156
598,2019-05-25 23:00:00,443.0,359.29011757995585
599,2019-05-26 00:00:00,415.0,348.14370479594675
600,2019-05-26 01:00:00,384.0,333.41106348799303
601,2019-05-26 02:00:00,371.0,318.19835678898187
602,2019-05-26 03:00:00,377.0,308.6182982814577
603,2019-05-26 04:00:00,383.0,309.46696582291804
604,2019-05-26 05:00:00,385.0,320.6825652507016
605,2019-05-26 06:00:00,358.0,337.67349349040745
606,2019-05-26 07:00:00,363.0,354.906360481401
607,2019-05-26 08:00:00,376.0,369.2450570663081
608,2019-05-26 09:00:00,395.0,380.20910186729276
609,2019-05-26 10:00:00,409.0,387.70747807697785
610,2019-05-26 11:00:00,409.0,390.35209599200203
611,2019-05-26 12:00:00,405.0,386.56926836398395
612,2019-05-26 13:00:00,384.0,377.4011036538256
613,2019-05-26 14:00:00,371.0,367.66473347998345
614,2019-05-26 15:00:00,374.0,363.4638984823819
615,2019-05-26 16:00:00,383.0,367.7216907800727
616,2019-05-26 17:00:00,405.0,377.71760640420365
617,2019-05-26 18:00:00,419.0,387.0854508590427
618,2019-05-26 19:00:00,437.0,390.6764867962945
619,2019-05-26 20:00:00,422.0,388.0154762185135
620,2019-05-26 21:00:00,428.0,382.42558812290855
621,2019-05-26 22:00:00,429.0,377.0129605189714
622,2019-05-26 23:00:00,411.0,371.6067489708112
623,2019-05-27 00:00:00,374.0,363.643193715625
624,2019-05-27 01:00:00,353.0,351.98540974326386
625,2019-05-27 02:00:00,355.0,339.7200884618011
626,2019-05-27 03:00:00,362.0,332.94156724925756
627,2019-05-27 04:00:00,374.0,336.4288066252064
628,2019-05-27 05:00:00,406.0,350.1043043481317
629,2019-05-27 06:00:00,430.0,369.36229437940614
630,2019-05-27 07:00:00,502.0,388.65688870806116
631,2019-05-27 08:00:00,556.0,404.84124795871764
632,2019-05-27 09:00:00,576.0,417.42601276693074
633,2019-05-27 10:00:00,587.0,426.31320600564766
634,2019-05-27 11:00:00,598.0,430.1097411048539
635,2019-05-27 12:00:00,570.0,427.2389231252409
636,2019-05-27 13:00:00,562.0,418.741847519059
637,2019-05-27 14:00:00,555.0,409.4366129392721
638,2019-05-27 15:00:00,542.0,405.4298725986308
639,2019-05-27 16:00:00,529.0,409.649522890037
640,2019-05-27 17:00:00,544.0,419.38168336552303
641,2019-05-27 18:00:00,554.0,428.2685121684989
642,2019-05-27 19:00:00,549.0,431.1712470475065
643,2019-05-27 20:00:00,537.0,427.62612566109885
644,2019-05-27 21:00:00,517.0,420.96915757828083
645,2019-05-27 22:00:00,515.0,414.3205385220425
646,2019-05-27 23:00:00,474.0,407.52454075384736
647,2019-05-28 00:00:00,438.0,398.0334135130128
648,2019-05-28 01:00:00,411.0,384.72699981620485
649,2019-05-28 02:00:00,403.0,370.70926024929616
650,2019-05-28 03:00:00,411.0,362.0921620713868
651,2019-05-28 04:00:00,416.0,363.67247540905515
652,2019-05-28 05:00:00,444.0,375.3905078669393
653,2019-05-28 06:00:00,458.0,392.6581274841336
654,2019-05-28 07:00:00,522.0,409.9467339602246
655,2019-05-28 08:00:00,545.0,424.12626590727126
656,2019-05-28 09:00:00,558.0,434.7234778524174
657,2019-05-28 10:00:00,561.0,441.6556986889531
658,2019-05-28 11:00:00,576.0,443.54420827754944
659,2019-05-28 12:00:00,536.0,438.8256201699822
660,2019-05-28 13:00:00,534.0,428.5531765195929
661,2019-05-28 14:00:00,516.0,417.5558724844128
662,2019-05-28 15:00:00,512.0,411.94993536999715
663,2019-05-28 16:00:00,508.0,414.6714577716726
664,2019-05-28 17:00:00,536.0,423.0133391424893
665,2019-05-28 18:00:00,527.0,430.62308001294406
666,2019-05-28 19:00:00,537.0,432.36581889034153
667,2019-05-28 20:00:00,513.0,427.78026527014066
668,2019-05-28 21:00:00,502.0,420.20350064745867
669,2019-05-28 22:00:00,505.0,412.7554374017179
670,2019-05-28 23:00:00,467.0,405.2787685689344
671,2019-05-29 00:00:00,421.0,395.2229413667711
672,2019-05-29 01:00:00,410.0,381.46385959169464
673,2019-05-29 02:00:00,413.0,367.1005041625536
674,2019-05-29 03:00:00,421.0,358.2389286842125
675,2019-05-29 04:00:00,427.0,359.66917022904533
676,2019-05-29 05:00:00,452.0,371.32410504508096
677,2019-05-29 06:00:00,466.0,388.60759738868313
678,2019-05-29 07:00:00,512.0,405.98259970026686
679,2019-05-29 08:00:00,534.0,420.31029009482904
680,2019-05-29 09:00:00,541.0,431.1084791765617
681,2019-05-29 10:00:00,561.0,438.2854961559146
682,2019-05-29 11:00:00,574.0,440.45368930745906
683,2019-05-29 12:00:00,562.0,436.04092716513054
684,2019-05-29 13:00:00,551.0,426.0920050352519
685,2019-05-29 14:00:00,530.0,415.42787274719825
686,2019-05-29 15:00:00,524.0,410.15720765495354
687,2019-05-29 16:00:00,542.0,413.2091310449589
688,2019-05-29 17:00:00,550.0,421.8702214396812
689,2019-05-29 18:00:00,544.0,429.78236824946185
690,2019-05-29 19:00:00,542.0,431.80585521390174
691,2019-05-29 20:00:00,528.0,427.47532665635947
692,2019-05-29 21:00:00,502.0,420.1246082262054
693,2019-05-29 22:00:00,493.0,412.87117197292207
694,2019-05-29 23:00:00,459.0,405.5560789360479
695,2019-05-30 00:00:00,426.0,395.62793246512
696,2019-05-30 01:00:00,402.0,381.96254791914834
697,2019-05-30 02:00:00,397.0,367.65952872774756
698,2019-05-30 03:00:00,392.0,358.82620654661383
699,2019-05-30 04:00:00,381.0,360.2544867346523
700,2019-05-30 05:00:00,379.0,371.8796299854905
701,2019-05-30 06:00:00,351.0,389.1083196084609
702,2019-05-30 07:00:00,371.0,406.40667401289426
703,2019-05-30 08:00:00,393.0,420.63929184840543
704,2019-05-30 09:00:00,409.0,431.32756329303453
705,2019-05-30 10:00:00,426.0,438.38345902488163
706,2019-05-30 11:00:00,448.0,440.42293348897783
707,2019-05-30 12:00:00,459.0,435.8773304125644
708,2019-05-30 13:00:00,447.0,425.79469668459325
709,2019-05-30 14:00:00,418.0,414.99892201840737
710,2019-05-30 15:00:00,403.0,409.60122983591947
711,2019-05-30 16:00:00,410.0,412.53281885319234
712,2019-05-30 17:00:00,432.0,421.08181011026716
713,2019-05-30 18:00:00,442.0,428.891043988636
714,2019-05-30 19:00:00,441.0,430.821117643156
715,2019-05-30 20:00:00,437.0,426.40631668272454
716,2019-05-30 21:00:00,434.0,418.9794134332495
717,2019-05-30 22:00:00,448.0,411.65612211338635
718,2019-05-30 23:00:00,415.0,404.27504440342176
719,2019-05-31 00:00:00,385.0,394.2816387416868
720,2019-05-31 01:00:00,371.0,380.5479189279848
721,2019-05-31 02:00:00,364.0,366.16907175519634
722,2019-05-31 03:00:00,369.0,357.24745095970934
723,2019-05-31 04:00:00,380.0,358.56948809411244
724,2019-05-31 05:00:00,403.0,370.0645503593763
725,2019-05-31 06:00:00,423.0,387.1330939324953
726,2019-05-31 07:00:00,459.0,404.2347712325665
727,2019-05-31 08:00:00,487.0,418.2275783348683
728,2019-05-31 09:00:00,501.0,428.62627465486884
729,2019-05-31 10:00:00,517.0,435.33628497112096
730,2019-05-31 11:00:00,550.0,436.96721884023856
731,2019-05-31 12:00:00,538.0,431.9443937440486
732,2019-05-31 13:00:00,523.0,421.31026642120844
733,2019-05-31 14:00:00,526.0,409.8836881223272
734,2019-05-31 15:00:00,512.0,403.77150754059284
735,2019-05-31 16:00:00,494.0,405.9013192578884
736,2019-05-31 17:00:00,507.0,413.558510815176
737,2019-05-31 18:00:00,525.0,420.3841514315745
738,2019-05-31 19:00:00,526.0,421.2381113249723
739,2019-05-31 20:00:00,517.0,415.655064137786
740,2019-05-31 21:00:00,503.0,406.9693435757562
741,2019-05-31 22:00:00,510.0,398.2994435168704
742,2019-05-31 23:00:00,476.0,389.48799415764046
